CREATE DATABASE  IF NOT EXISTS `investigadorbd` /*!40100 DEFAULT CHARACTER SET utf8mb4 COLLATE utf8mb4_0900_ai_ci */ /*!80016 DEFAULT ENCRYPTION='N' */;
USE `investigadorbd`;
-- MySQL dump 10.13  Distrib 8.0.41, for Win64 (x86_64)
--
-- Host: localhost    Database: investigadorbd
-- ------------------------------------------------------
-- Server version	8.0.41

/*!40101 SET @OLD_CHARACTER_SET_CLIENT=@@CHARACTER_SET_CLIENT */;
/*!40101 SET @OLD_CHARACTER_SET_RESULTS=@@CHARACTER_SET_RESULTS */;
/*!40101 SET @OLD_COLLATION_CONNECTION=@@COLLATION_CONNECTION */;
/*!50503 SET NAMES utf8 */;
/*!40103 SET @OLD_TIME_ZONE=@@TIME_ZONE */;
/*!40103 SET TIME_ZONE='+00:00' */;
/*!40014 SET @OLD_UNIQUE_CHECKS=@@UNIQUE_CHECKS, UNIQUE_CHECKS=0 */;
/*!40014 SET @OLD_FOREIGN_KEY_CHECKS=@@FOREIGN_KEY_CHECKS, FOREIGN_KEY_CHECKS=0 */;
/*!40101 SET @OLD_SQL_MODE=@@SQL_MODE, SQL_MODE='NO_AUTO_VALUE_ON_ZERO' */;
/*!40111 SET @OLD_SQL_NOTES=@@SQL_NOTES, SQL_NOTES=0 */;

--
-- Table structure for table `adscripcion`
--

DROP TABLE IF EXISTS `adscripcion`;
/*!40101 SET @saved_cs_client     = @@character_set_client */;
/*!50503 SET character_set_client = utf8mb4 */;
CREATE TABLE `adscripcion` (
  `IdAdscripcion` int NOT NULL,
  `Instituto` varchar(80) NOT NULL,
  `Area` varchar(150) NOT NULL,
  `Nombraniento` varchar(10) NOT NULL,
  `FechaIngreso` date NOT NULL,
  `IdInvestigador` int NOT NULL,
  PRIMARY KEY (`IdAdscripcion`),
  KEY `IdInvestigador` (`IdInvestigador`),
  CONSTRAINT `adscripcion_ibfk_1` FOREIGN KEY (`IdInvestigador`) REFERENCES `investigador` (`IdInvestigador`)
) ENGINE=InnoDB DEFAULT CHARSET=utf8mb4 COLLATE=utf8mb4_0900_ai_ci;
/*!40101 SET character_set_client = @saved_cs_client */;

--
-- Dumping data for table `adscripcion`
--

LOCK TABLES `adscripcion` WRITE;
/*!40000 ALTER TABLE `adscripcion` DISABLE KEYS */;
INSERT INTO `adscripcion` VALUES (1,'laboratorios teran, carrera y palomo','ciencias computacionales','Asistente','2019-06-08',30),(2,'laboratorios cornejo-leon','tecnologias emergentes','Titular','2015-12-02',43),(3,'esquibel-sandoval e hijos','geografia urbana','Asociado','2014-06-21',92),(4,'palacios s.a.','economia circular','Titular','2023-10-13',20),(5,'rodriguez-mendez s.a. de c.v.','educacion digital','Asociado','2017-09-05',93),(6,'serrano y gonzalez s.a. de c.v.','geografia urbana','Asistente','2012-12-29',95),(7,'flores-rodriquez a.c.','biologia aplicada','Asistente','2024-03-25',55),(8,'industrias hurtado y davila','tecnologias emergentes','Asistente','2011-12-12',45),(9,'laboratorios ponce y garica','tecnologias emergentes','Asistente','2023-11-03',87),(10,'barragan y asociados','tecnologias emergentes','Asociado','2013-08-16',26),(11,'garza-mojica','geografia urbana','Asociado','2012-05-05',80),(12,'industrias cabrera-urbina','ciencias computacionales','Asociado','2013-08-03',67),(13,'orta a.c.','geografia urbana','Asistente','2014-05-02',31),(14,'adame y alcantar e hijos','ciencias computacionales','Titular','2022-03-01',74),(15,'merino, toledo y irizarry','biologia aplicada','Asociado','2020-08-12',70),(16,'villarreal-galvan s.a. de c.v.','robotica educativa','Asociado','2018-11-29',32),(17,'grupo negron, campos y tovar','economia circular','Asociado','2022-12-22',60),(18,'gaona y carrillo s. r.l. de c.v.','ciencias computacionales','Titular','2022-03-05',62),(19,'acevedo s.a. de c.v.','geografia urbana','Asistente','2023-04-05',90),(20,'grupo navarro y rascon','ingenieria ambiental','Asistente','2014-02-23',74),(21,'despacho duarte-calvillo','agricultura de precision','Titular','2011-11-09',3),(22,'laboratorios aguayo y lebron','geografia urbana','Asistente','2023-09-10',46),(23,'salgado y duenas a.c.','geografia urbana','Asistente','2012-11-01',25),(24,'archuleta s.a. de c.v.','economia circular','Asistente','2012-02-07',5),(25,'grupo abreu y mondragon','tecnologias emergentes','Asociado','2014-07-15',14),(26,'pantoja-viera e hijos','geografia urbana','Asistente','2017-01-28',33),(27,'despacho teran y gastelum','educacion digital','Asociado','2019-04-30',23),(28,'uribe y echeverria s.a. de c.v.','robotica educativa','Titular','2016-10-02',19),(29,'puente-urbina','ingenieria ambiental','Asociado','2011-10-06',32),(30,'despacho salcido-olvera','biologia aplicada','Titular','2021-12-08',89),(31,'gomez s. r.l. de c.v.','economia circular','Titular','2020-04-15',88),(32,'feliciano y crespo s. r.l. de c.v.','economia circular','Asociado','2013-09-24',68),(33,'sotelo y caballero a.c.','tecnologias emergentes','Asociado','2021-05-11',89),(34,'laboratorios correa y valentin','robotica educativa','Asociado','2010-12-26',97),(35,'leiva, montenegro y miramontes','agricultura de precision','Asociado','2015-06-28',1),(36,'balderas, espino y torrez','ciencias computacionales','Asociado','2020-02-06',98),(37,'mercado, razo y veliz','economia circular','Asistente','2012-10-11',90),(38,'guardado e hijos','ingenieria ambiental','Asociado','2023-02-14',45),(39,'grupo espinal-berrios','biologia aplicada','Titular','2022-05-18',13),(40,'matias y espino e hijos','geografia urbana','Asistente','2019-02-23',83),(41,'montanez e hijos','robotica educativa','Asistente','2015-04-18',27),(42,'najera a.c.','tecnologias emergentes','Asistente','2018-04-02',1),(43,'olivo y hinojosa s.c.','economia circular','Asociado','2015-05-01',98),(44,'cervantes-alva','ingenieria ambiental','Asociado','2016-06-04',46),(45,'posada-robledo','ciencias computacionales','Asociado','2016-11-17',87),(46,'despacho rosario y vela','agricultura de precision','Asociado','2017-06-27',30),(47,'barela, madrigal y grijalva','ingenieria ambiental','Asistente','2011-01-22',70),(48,'solano-barraza','economia circular','Titular','2013-02-21',19),(49,'rodriguez, sevilla y serna','agricultura de precision','Asistente','2014-03-14',21),(50,'industrias escobedo-cavazos','robotica educativa','Asociado','2016-12-02',41),(51,'valdez y galvan s.a.','educacion digital','Asociado','2019-03-31',4),(52,'guerrero s.a.','geografia urbana','Titular','2016-10-26',80),(53,'despacho guillen y robledo','agricultura de precision','Asistente','2016-04-20',34),(54,'corporacin munoz-concepcion','tecnologias emergentes','Asociado','2017-06-17',89),(55,'ocasio y asociados','agricultura de precision','Titular','2019-04-28',33),(56,'industrias delgadillo-munguia','ciencias computacionales','Asistente','2017-11-17',98),(57,'yanez y muro s.a.','agricultura de precision','Titular','2014-06-02',46),(58,'laboratorios escobedo y perales','economia circular','Titular','2020-11-21',36),(59,'collado-torres e hijos','economia circular','Titular','2023-09-12',65),(60,'rosas e hijos','ciencias computacionales','Titular','2020-07-13',92),(61,'lozano, cotto y perales','tecnologias emergentes','Titular','2010-05-27',54),(62,'despacho ortega, corral y contreras','ciencias computacionales','Asociado','2014-10-18',7),(63,'sauceda s.a. de c.v.','geografia urbana','Titular','2012-11-27',88),(64,'nava-de anda a.c.','economia circular','Titular','2011-11-08',84),(65,'laboratorios serna-otero','tecnologias emergentes','Asociado','2023-08-09',53),(66,'de leon-serrano','ingenieria ambiental','Asociado','2013-05-10',4),(67,'club correa y suarez','tecnologias emergentes','Asistente','2010-10-30',93),(68,'otero-polanco','agricultura de precision','Titular','2012-08-16',100),(69,'despacho mercado, bernal y tamez','ingenieria ambiental','Titular','2024-02-15',74),(70,'proyectos ocasio y mayorga','geografia urbana','Titular','2017-04-05',33),(71,'gracia y rivero a.c.','tecnologias emergentes','Titular','2017-02-06',43),(72,'despacho luna, cantu y arredondo','tecnologias emergentes','Asistente','2016-05-13',47),(73,'santacruz-pizarro','educacion digital','Asociado','2019-01-19',71),(74,'casarez s. r.l. de c.v.','ingenieria ambiental','Asistente','2022-09-30',22),(75,'jasso y castillo e hijos','educacion digital','Asistente','2010-05-03',15),(76,'corporacin leal y lemus','tecnologias emergentes','Titular','2016-02-15',82),(77,'melgar-peralta s.a. de c.v.','educacion digital','Titular','2020-06-26',51),(78,'bahena-viera e hijos','robotica educativa','Asistente','2019-08-27',76),(79,'pineda y venegas a.c.','tecnologias emergentes','Asociado','2014-08-27',5),(80,'grupo fuentes-rascon','educacion digital','Asociado','2017-01-06',22),(81,'canales-villegas e hijos','biologia aplicada','Titular','2019-11-18',43),(82,'urena y ornelas s. r.l. de c.v.','economia circular','Asistente','2010-12-22',81),(83,'carreon s.c.','ingenieria ambiental','Asociado','2022-07-01',20),(84,'collazo e hijos','biologia aplicada','Asociado','2013-09-07',15),(85,'corporacin marroquin y balderas','economia circular','Asistente','2021-11-28',62),(86,'florez y narvaez s. r.l. de c.v.','biologia aplicada','Asistente','2021-12-23',3),(87,'salgado y arroyo s.a.','tecnologias emergentes','Asistente','2017-08-16',13),(88,'mena, holguin y posada','tecnologias emergentes','Titular','2015-03-05',75),(89,'corporacin valenzuela-cotto','agricultura de precision','Asistente','2014-02-18',49),(90,'pena a.c.','educacion digital','Asociado','2020-07-13',9),(91,'tovar-mora s. r.l. de c.v.','educacion digital','Titular','2017-11-26',58),(92,'proyectos macias-zedillo','economia circular','Asociado','2017-02-13',7),(93,'granados-navarrete s.a.','geografia urbana','Asistente','2021-03-20',75),(94,'garibay-suarez y asociados','ingenieria ambiental','Asociado','2020-07-17',43),(95,'toledo a.c.','robotica educativa','Asociado','2015-05-12',15),(96,'club cano, barrios y otero','economia circular','Titular','2018-01-29',68),(97,'caban y benitez y asociados','geografia urbana','Asociado','2016-01-10',96),(98,'fajardo-contreras','tecnologias emergentes','Asistente','2011-12-12',22),(99,'santiago-valencia e hijos','educacion digital','Asociado','2019-10-14',65),(100,'proyectos fernandez-cordova','educacion digital','Titular','2021-09-24',66);
/*!40000 ALTER TABLE `adscripcion` ENABLE KEYS */;
UNLOCK TABLES;

--
-- Table structure for table `formacion`
--

DROP TABLE IF EXISTS `formacion`;
/*!40101 SET @saved_cs_client     = @@character_set_client */;
/*!50503 SET character_set_client = utf8mb4 */;
CREATE TABLE `formacion` (
  `IdFormacion` int NOT NULL,
  `Grado` varchar(18) NOT NULL,
  `Institucion` varchar(70) NOT NULL,
  `Nombre` varchar(120) NOT NULL,
  `FechaTermino` date NOT NULL,
  `IdInvestigador` int NOT NULL,
  PRIMARY KEY (`IdFormacion`),
  KEY `IdInvestigador` (`IdInvestigador`),
  CONSTRAINT `formacion_ibfk_1` FOREIGN KEY (`IdInvestigador`) REFERENCES `investigador` (`IdInvestigador`)
) ENGINE=InnoDB DEFAULT CHARSET=utf8mb4 COLLATE=utf8mb4_0900_ai_ci;
/*!40101 SET character_set_client = @saved_cs_client */;

--
-- Dumping data for table `formacion`
--

LOCK TABLES `formacion` WRITE;
/*!40000 ALTER TABLE `formacion` DISABLE KEYS */;
INSERT INTO `formacion` VALUES (1,'Maestria','pulido-naranjo','celia','2022-07-16',15),(2,'Maestria','alvarado y lebron s.c.','adriana','2012-03-07',23),(3,'Licenciatura','ceja-mora y asociados','julio','2015-01-27',58),(4,'Maestria','almonte, roldan y haro','cesar','2012-11-05',55),(5,'Licenciatura','grupo razo-villareal','georgina','2017-03-17',18),(6,'Maestria','despacho mayorga-saiz','ignacio','2021-05-11',56),(7,'Licenciatura','verduzco-aleman','guillermo','2018-11-21',20),(8,'Doctorado','quesada-merino s.c.','adriana','2005-07-07',75),(9,'Doctorado','maestas-marrero','silvano','2021-08-12',39),(10,'Maestria','grupo casares-holguin','magdalena','2018-12-09',83),(11,'Doctorado','alonso-longoria s.a. de c.v.','helena','2022-10-26',22),(12,'Maestria','castellanos-leiva','eduardo','2021-01-09',75),(13,'Maestria','laboy-urias s.a. de c.v.','maria eugenia','2016-01-06',38),(14,'Maestria','llamas-batista s.a. de c.v.','claudio','2022-04-20',47),(15,'Doctorado','cordero y madrid s.c.','silvia','2019-09-29',3),(16,'Licenciatura','rodrigez y figueroa y asociados','david','2016-06-03',83),(17,'Maestria','padilla-alva s.a.','augusto','2007-06-05',8),(18,'Licenciatura','corporacin de jesus, figueroa y renteria','wilfrido','2010-11-24',44),(19,'Doctorado','sisneros y avila a.c.','ivonne','2023-02-03',66),(20,'Licenciatura','proyectos luevano-muniz','emiliano','2019-07-17',75),(21,'Maestria','macias s.c.','natalia','2008-11-23',31),(22,'Licenciatura','quezada-montanez','rafael','2022-02-21',86),(23,'Maestria','saucedo y urbina y asociados','wendolin','2012-05-09',95),(24,'Licenciatura','benavidez y lozano s.a. de c.v.','mauro','2012-11-29',48),(25,'Licenciatura','grupo ochoa-delgadillo','andrea','2008-11-11',60),(26,'Licenciatura','betancourt-vanegas y asociados','magdalena','2017-10-17',9),(27,'Maestria','club rincon y montano','aida','2009-10-05',72),(28,'Licenciatura','olivo s. r.l. de c.v.','jeronimo','2005-05-17',63),(29,'Doctorado','rosado y limon s.a. de c.v.','caridad','2008-10-25',71),(30,'Doctorado','cuellar-aguirre e hijos','aldonza','2012-11-07',90),(31,'Maestria','granados-uribe','luis miguel','2018-10-21',51),(32,'Maestria','grupo baca, garcia y rubio','zeferino','2016-05-21',83),(33,'Maestria','montanez y pineda y asociados','estela','2019-05-05',32),(34,'Doctorado','grupo lerma, espinoza y yanez','sara','2020-03-07',39),(35,'Doctorado','verduzco y varela e hijos','mariana','2009-03-08',69),(36,'Licenciatura','club gil, valdez y alonzo','alicia','2017-02-19',41),(37,'Maestria','corporacin naranjo y matos','emiliano','2013-04-24',47),(38,'Maestria','corona-medrano a.c.','aldonza','2012-12-20',15),(39,'Maestria','ledesma-mesa y asociados','cristian','2017-06-15',53),(40,'Licenciatura','laboratorios batista y trevino','maria eugenia','2009-08-25',55),(41,'Maestria','toro-sevilla','angelica','2010-07-12',5),(42,'Licenciatura','jurado-aparicio','rodrigo','2016-12-27',46),(43,'Maestria','olivas-cavazos','hernan','2007-10-28',82),(44,'Maestria','pedraza y velazquez y asociados','irma','2014-10-27',70),(45,'Doctorado','frias-hurtado','bianca','2012-08-09',63),(46,'Maestria','altamirano y asociados','mariano','2009-01-18',10),(47,'Doctorado','leyva-montero s. r.l. de c.v.','zoe','2010-06-22',70),(48,'Licenciatura','club jiminez y bravo','luis miguel','2015-04-02',62),(49,'Licenciatura','corporacin cantu, dominguez y saldana','alejandra','2008-09-13',87),(50,'Doctorado','proyectos sisneros y rendon','elena','2011-06-01',40),(51,'Doctorado','ojeda-munoz e hijos','esther','2019-06-02',23),(52,'Licenciatura','anguiano e hijos','jose eduardo','2005-08-16',55),(53,'Licenciatura','industrias tapia-montero','perla','2022-01-18',76),(54,'Maestria','industrias madera-trejo','karla','2012-07-30',12),(55,'Doctorado','de la rosa, zamudio y alcantar','juan carlos','2009-11-22',49),(56,'Licenciatura','cortez, alonso y botello','ana luisa','2022-12-06',31),(57,'Doctorado','industrias alcantar y romero','sonia','2015-11-19',68),(58,'Licenciatura','cornejo, olivas y esquivel','lucas','2013-09-02',96),(59,'Licenciatura','godoy y tello s.a.','agustin','2008-08-04',98),(60,'Licenciatura','corporacin negrete y zambrano','bernabe','2015-08-17',4),(61,'Maestria','laboratorios ballesteros y villanueva','eugenia','2009-11-21',2),(62,'Doctorado','corporacin botello, caldera y perales','rolando','2017-01-02',19),(63,'Licenciatura','despacho iglesias, valverde y fierro','cristian','2021-08-26',67),(64,'Licenciatura','jaimes s.c.','genaro','2013-02-21',32),(65,'Maestria','griego, alcantar y olivas','fidel','2022-03-18',7),(66,'Maestria','valadez-acevedo s.a. de c.v.','serafin','2016-09-11',6),(67,'Maestria','despacho colunga-calderon','ricardo','2022-06-03',70),(68,'Doctorado','corporacin arce y amador','gabriela','2016-06-26',48),(69,'Doctorado','tafoya y avalos s. r.l. de c.v.','leticia','2019-10-29',50),(70,'Doctorado','club pulido, martinez y urbina','evelio','2018-06-06',79),(71,'Doctorado','laboratorios chacon-de la rosa','hermelinda','2009-09-22',90),(72,'Maestria','aragon-almonte','francisco','2019-04-05',39),(73,'Maestria','elizondo y carrasco s.a. de c.v.','graciela','2018-01-14',43),(74,'Maestria','grupo martinez, ruiz y casanova','jeronimo','2009-06-29',50),(75,'Doctorado','lugo y munguia s.a. de c.v.','susana','2019-06-10',20),(76,'Maestria','proyectos valverde y molina','marco antonio','2010-12-19',53),(77,'Doctorado','melendez-calderon','antonio','2010-09-04',75),(78,'Licenciatura','jaimes-duran e hijos','gregorio','2011-08-15',30),(79,'Maestria','ocampo y del valle s.a.','benjamin','2017-12-10',93),(80,'Licenciatura','cordova, arredondo y garza','agustin','2017-07-16',83),(81,'Maestria','palacios y arriaga a.c.','francisca','2015-09-25',75),(82,'Licenciatura','valladares-olivarez s. r.l. de c.v.','florencia','2017-06-19',25),(83,'Licenciatura','grupo tamayo y mojica','monica','2020-09-10',15),(84,'Maestria','grupo cornejo y salinas','jeronimo','2012-06-06',16),(85,'Doctorado','zarate, ballesteros y guzman','oliver','2006-10-23',90),(86,'Licenciatura','vargas-barragan a.c.','yuridia','2012-04-03',40),(87,'Doctorado','arredondo-moreno','pascual','2020-08-12',68),(88,'Doctorado','luna, sanches y jiminez','mauricio','2016-02-13',39),(89,'Doctorado','ozuna y guillen s.a.','irma','2011-09-21',11),(90,'Maestria','barrientos s.a. de c.v.','rolando','2014-03-08',86),(91,'Licenciatura','caban-tafoya','dalia','2019-02-28',44),(92,'Maestria','prado y asociados','maria cristina','2022-08-25',82),(93,'Maestria','pacheco e hijos','dario','2006-04-30',42),(94,'Maestria','rendon y aguayo s. r.l. de c.v.','aurora','2015-09-28',67),(95,'Licenciatura','preciado-zedillo','caridad','2015-06-05',15),(96,'Doctorado','alba-hernandez','sara','2017-06-26',6),(97,'Licenciatura','hinojosa-barrera','julio','2016-01-08',32),(98,'Licenciatura','laboratorios urrutia y toledo','zoe','2014-09-11',30),(99,'Licenciatura','miramontes, manzanares y baca','trinidad','2022-11-04',24),(100,'Doctorado','corporacin rael y cortez','irene','2019-01-23',48);
/*!40000 ALTER TABLE `formacion` ENABLE KEYS */;
UNLOCK TABLES;

--
-- Table structure for table `investigador`
--

DROP TABLE IF EXISTS `investigador`;
/*!40101 SET @saved_cs_client     = @@character_set_client */;
/*!50503 SET character_set_client = utf8mb4 */;
CREATE TABLE `investigador` (
  `IdInvestigador` int NOT NULL,
  `Paterno` varchar(80) NOT NULL,
  `Materno` varchar(80) NOT NULL,
  `Nombre` varchar(120) NOT NULL,
  `Orcid` varchar(30) NOT NULL,
  `Email` varchar(150) NOT NULL,
  `Movil` varchar(15) NOT NULL,
  PRIMARY KEY (`IdInvestigador`)
) ENGINE=InnoDB DEFAULT CHARSET=utf8mb4 COLLATE=utf8mb4_0900_ai_ci;
/*!40101 SET character_set_client = @saved_cs_client */;

--
-- Dumping data for table `investigador`
--

LOCK TABLES `investigador` WRITE;
/*!40000 ALTER TABLE `investigador` DISABLE KEYS */;
INSERT INTO `investigador` VALUES (1,'valle','ibarra','yuridia','6231-8991-9917-1706','armasgonzalo@example.net','5522769539'),(2,'tovar','madrid','timoteo','3237-4455-8768-5573','augusto45@example.net','5571714239'),(3,'de la garza','puente','oliver','4260-7209-7592-6131','esperanza41@example.net','5519313947'),(4,'rosado','monroy','aldo','5166-1668-2779-3607','imenchaca@example.org','5530963609'),(5,'pedroza','noriega','indira','4550-3025-7291-6625','nancymarin@example.org','5597490067'),(6,'peralta','zamora','susana','4624-5557-1426-3868','almanzanatalia@example.net','5527756176'),(7,'lebron','navarrete','norma','8478-8535-4649-1324','reynosofrancisca@example.org','5562048900'),(8,'zelaya','mondragon','abelardo','7839-8908-1120-6461','jaimemartha@example.org','5544568534'),(9,'jimenez','benitez','armando','9993-8581-3972-5859','grijalvaleonor@example.org','5558484801'),(10,'casas','bernal','amelia','8776-2486-7230-8113','luisa81@example.org','5598745414'),(11,'rosales','ontiveros','jose emilio','9277-1546-6576-3446','sofiade-la-cruz@example.com','5576802263'),(12,'mata','rico','rolando','7128-8446-6422-4692','qverduzco@example.net','5531369286'),(13,'lovato','venegas','cristina','3819-1670-2620-2240','estherpadron@example.org','5529532952'),(14,'padilla','garay','emilia','7518-8659-7056-7505','abril12@example.org','5513132619'),(15,'de la cruz','cortez','eva','1721-1058-6034-8840','concepcioncristobal@example.net','5589788722'),(16,'vera','arce','catalina','9170-8736-8568-7825','dulceolivas@example.net','5585915814'),(17,'esparza','quinonez','linda','9420-2748-7893-7015','lrincon@example.org','5555308824'),(18,'godinez','apodaca','francisco javier','3493-3989-7377-7365','anguloisaac@example.org','5513634050'),(19,'valdez','zambrano','marcos','7817-4771-1854-2848','fmuniz@example.org','5545652978'),(20,'yanez','salcedo','martha','9424-9935-3707-7418','barrientosaurora@example.com','5521231381'),(21,'rodrigez','carvajal','samuel','2237-2469-1418-1052','vrios@example.com','5596595059'),(22,'hernandes','montes','raquel','5792-3150-7657-3781','gilbertomontoya@example.org','5511203112'),(23,'barajas','de la garza','rafael','3420-1127-3521-9976','molinagilberto@example.net','5580076648'),(24,'alonzo','ferrer','susana','8214-9551-2346-3667','marcela52@example.com','5585909615'),(25,'saucedo','valverde','yolanda','5752-3429-2249-5887','maria-del-carmenarmendariz@example.org','5578469976'),(26,'bueno','rosales','dulce','2818-6898-2886-9298','jeronimovega@example.net','5554643713'),(27,'villalpando','cabrera','lucas','7079-6398-7791-7188','regaladogabriel@example.org','5599031937'),(28,'cardenas','gonzalez','hermelinda','3620-3061-5930-6497','ursulamontero@example.org','5596734202'),(29,'ulibarri','espino','marcos','9648-6062-2134-8492','bravoluis@example.net','5558870153'),(30,'lugo','covarrubias','esmeralda','8344-5759-4381-8716','cristal13@example.com','5545051293'),(31,'griego','valenzuela','patricio','8543-5800-2938-5462','carreonbernabe@example.com','5524056106'),(32,'zarate','nieves','francisca','4959-6138-8929-9923','salva@example.org','5566110023'),(33,'duran','chacon','juana','5818-1775-3724-8917','eduardo12@example.com','5547216977'),(34,'barela','valencia','gustavo','9790-7757-1348-1339','de-jesusamanda@example.net','5551990045'),(35,'arias','corona','irma','8791-8989-7540-3990','gallardomaria-teresa@example.net','5544651392'),(36,'garcia','trejo','luz','4157-1714-3342-8916','cristinamontano@example.net','5594820171'),(37,'betancourt','gracia','clara','5501-5458-2684-6293','golivarez@example.com','5572550296'),(38,'castellanos','arredondo','gerardo','5865-2850-1485-2283','wmares@example.com','5519911295'),(39,'perez','madrid','nayeli','5336-8501-7762-3229','aldonza69@example.com','5539768162'),(40,'nieves','palacios','lucia','5411-1162-8149-7600','rolandoorosco@example.com','5531059587'),(41,'de jesus','rosado','cristian','2155-3506-4576-9453','carmen79@example.org','5557029683'),(42,'uribe','hinojosa','wilfrido','9056-9550-6567-3804','fernandosalgado@example.org','5594076520'),(43,'lugo','hurtado','angelica','9635-2964-2387-5162','rolonestela@example.org','5520906641'),(44,'vega','paez','fidel','9061-6343-3643-4901','angelica03@example.org','5531337713'),(45,'de anda','de la o','cristian','3983-7898-3551-9010','vierabenito@example.com','5563833881'),(46,'rodrigez','bravo','luis miguel','3949-6148-6190-4363','bvaldez@example.com','5520083386'),(47,'regalado','pena','paulina','8410-7424-6232-3327','wvaldez@example.org','5561322744'),(48,'portillo','cardenas','oliver','9228-1790-8086-4482','irenedel-valle@example.org','5569026615'),(49,'aranda','parra','silvano','3371-1765-5086-6205','angelajaimes@example.net','5524910148'),(50,'bustamante','bravo','mauro','7387-9299-4297-1438','luis-manuel56@example.net','5548556949'),(51,'loera','zepeda','joaquin','8460-9209-4944-3953','sabrego@example.org','5592908912'),(52,'zavala','escalante','juan carlos','6871-1664-5398-1492','hadame@example.com','5548720558'),(53,'ontiveros','duenas','eloy','7197-8777-7592-7434','pberrios@example.com','5531902063'),(54,'tijerina','ayala','julio','4453-6769-8855-4413','marisol03@example.net','5597848761'),(55,'muniz','arriaga','helena','5558-4239-2625-8293','albertoarriaga@example.com','5556512116'),(56,'franco','frias','pedro','7031-1018-5971-7919','eugeniacarmona@example.com','5557577138'),(57,'benavides','alvarado','jorge luis','3577-7181-6787-7562','gregorio66@example.net','5548287740'),(58,'espinosa','puente','rodrigo','1141-9738-7927-6036','jose-carlosbarreto@example.com','5541463234'),(59,'montoya','pizarro','reynaldo','1646-4525-1219-5801','clara91@example.net','5514170824'),(60,'mendoza','estrada','porfirio','6440-6377-6296-4612','samaniegoalta-gracia@example.net','5515744715'),(61,'armendariz','heredia','augusto','7764-1258-1219-8194','aurrutia@example.net','5577001738'),(62,'espinosa','rivera','natalia','7196-2550-1327-7646','cardenasesmeralda@example.net','5510920578'),(63,'peres','davila','raul','9502-2305-7272-8631','aolivares@example.org','5516232800'),(64,'haro','alarcon','bernabe','4907-9140-8276-1399','rubycotto@example.net','5515014711'),(65,'pabon','pulido','agustin','2814-9997-7803-7981','lgallardo@example.org','5598410767'),(66,'jasso','lozano','jose','9791-8017-7283-5694','alfredoheredia@example.com','5562499127'),(67,'giron','baez','norma','2128-8615-7862-2282','cmontez@example.org','5534484106'),(68,'galvez','menchaca','reynaldo','4739-7760-9677-1637','anel87@example.org','5544230483'),(69,'nevarez','toledo','amanda','2388-4040-7778-9653','xmata@example.net','5544539628'),(70,'badillo','melendez','salvador','5709-3525-7976-9950','zcedillo@example.net','5576377237'),(71,'teran','velasquez','elena','2922-8213-1662-4850','jaqueline58@example.net','5550043191'),(72,'aguirre','zambrano','leonardo','5582-5675-8610-9103','evaluevano@example.com','5566810275'),(73,'gamez','granado','cristian','1013-9150-5492-3915','de-jesuscristina@example.net','5547028847'),(74,'narvaez','marroquin','ana','3648-8531-7396-5313','kde-leon@example.com','5564119555'),(75,'barrientos','preciado','paola','7763-7644-5548-8762','fcarrillo@example.org','5561554907'),(76,'cotto','arguello','virginia','5217-8737-3476-4309','rtrevino@example.com','5583283993'),(77,'ortega','lara','juan carlos','6406-1646-7420-6772','oliverarroyo@example.com','5539159489'),(78,'garza','batista','delia','8971-9643-1928-9819','marcelaalarcon@example.net','5571628078'),(79,'perales','lara','jesus','8455-1315-3551-1624','modestoaguilera@example.net','5582817713'),(80,'canales','duarte','federico','7640-1320-2102-4200','sofiaflores@example.org','5527956602'),(81,'leyva','covarrubias','anabel','8811-7977-3799-6765','esther89@example.com','5595602175'),(82,'blanco','maya','abigail','7419-9669-4134-9005','amayorga@example.com','5588399459'),(83,'baeza','arguello','elias','2062-5950-4217-8186','rcarmona@example.net','5548562748'),(84,'castro','verduzco','emilia','6899-6572-5973-7794','dariomorales@example.org','5579120001'),(85,'cardenas','hernandez','elvira','9285-9133-5106-7221','elias35@example.org','5515813210'),(86,'solorio','lugo','amanda','8105-2663-9855-7321','evelio37@example.org','5520699819'),(87,'arias','gracia','olivia','8496-8027-8094-6859','leonardo01@example.org','5585446008'),(88,'robledo','almonte','ines','7577-3132-3006-4236','nguzman@example.com','5541152823'),(89,'gurule','pulido','abigail','8752-3786-4822-4842','rosarioeva@example.org','5519437103'),(90,'ceja','vasquez','rosa','5199-3602-3324-4385','elvia61@example.org','5549055888'),(91,'lira','viera','ana maria','1139-5950-7557-6963','xbriseno@example.com','5550275935'),(92,'briones','toro','araceli','9642-8666-4384-9705','jacinto56@example.net','5574140445'),(93,'delgado','saldivar','olivia','4260-1301-5547-9943','renteriacarlos@example.com','5556146219'),(94,'jasso','gallardo','noemi','6971-3063-2647-7054','caridad98@example.org','5574439817'),(95,'palomo','aparicio','juan carlos','9314-7215-8405-6800','mgodinez@example.com','5519334473'),(96,'aponte','flores','oscar','4678-9991-6817-2266','robertocamarillo@example.com','5578746463'),(97,'anaya','guillen','patricia','2583-9346-9111-4364','jacobo68@example.org','5542094064'),(98,'garibay','molina','josefina','1148-4451-6639-7438','angelrael@example.com','5515875286'),(99,'campos','lovato','camilo','9707-3140-4063-8119','anguianolorena@example.org','5572480397'),(100,'lerma','velez','amanda','4241-1550-5355-5320','dtirado@example.net','5564794779');
/*!40000 ALTER TABLE `investigador` ENABLE KEYS */;
UNLOCK TABLES;

--
-- Table structure for table `produccion`
--

DROP TABLE IF EXISTS `produccion`;
/*!40101 SET @saved_cs_client     = @@character_set_client */;
/*!50503 SET character_set_client = utf8mb4 */;
CREATE TABLE `produccion` (
  `IdProduccion` int NOT NULL,
  `Tipo` varchar(60) NOT NULL,
  `Titulo` varchar(250) NOT NULL,
  `Anio` int NOT NULL,
  `IdInvestigador` int NOT NULL,
  PRIMARY KEY (`IdProduccion`),
  KEY `IdInvestigador` (`IdInvestigador`),
  CONSTRAINT `produccion_ibfk_1` FOREIGN KEY (`IdInvestigador`) REFERENCES `investigador` (`IdInvestigador`)
) ENGINE=InnoDB DEFAULT CHARSET=utf8mb4 COLLATE=utf8mb4_0900_ai_ci;
/*!40101 SET character_set_client = @saved_cs_client */;

--
-- Dumping data for table `produccion`
--

LOCK TABLES `produccion` WRITE;
/*!40000 ALTER TABLE `produccion` DISABLE KEYS */;
INSERT INTO `produccion` VALUES (1,'Libro','estudio de biodiversidad urbana',2009,8),(2,'Articulo','uso sostenible del agua',2007,94),(3,'Ponencia','desarrollo de tecnologia educativa',2023,51),(4,'Articulo','desarrollo de tecnologia educativa',2018,45),(5,'Ponencia','desarrollo de tecnologia educativa',2024,71),(6,'Ponencia','procesamiento de imagenes satelitales',2010,71),(7,'Informe','modelo de prediccion climatica',2020,47),(8,'Capitulo','sistemas inteligentes aplicados',2000,97),(9,'Ponencia','evaluacion de impacto social',2014,45),(10,'Ponencia','estudio de biodiversidad urbana',2017,65),(11,'Articulo','eficiencia energetica en viviendas',2025,84),(12,'Articulo','eficiencia energetica en viviendas',2024,63),(13,'Articulo','modelo de prediccion climatica',2010,57),(14,'Ponencia','modelo de prediccion climatica',2021,78),(15,'Libro','sistemas inteligentes aplicados',2024,82),(16,'Informe','eficiencia energetica en viviendas',2013,95),(17,'Ponencia','procesamiento de imagenes satelitales',2001,78),(18,'Informe','modelo de prediccion climatica',2016,88),(19,'Articulo','modelo de prediccion climatica',2010,58),(20,'Informe','modelo de prediccion climatica',2022,90),(21,'Articulo','sistemas inteligentes aplicados',2008,90),(22,'Articulo','procesamiento de imagenes satelitales',2012,9),(23,'Informe','sistemas inteligentes aplicados',2012,19),(24,'Informe','analisis de datos ambientales',2013,32),(25,'Informe','estudio de biodiversidad urbana',2025,100),(26,'Informe','modelo de prediccion climatica',2013,49),(27,'Libro','eficiencia energetica en viviendas',2018,40),(28,'Libro','sistemas inteligentes aplicados',2004,57),(29,'Libro','tecnicas de conservacion',2013,89),(30,'Ponencia','tecnicas de conservacion',2002,100),(31,'Articulo','uso sostenible del agua',2003,95),(32,'Informe','desarrollo de tecnologia educativa',2010,70),(33,'Capitulo','uso sostenible del agua',2025,62),(34,'Informe','eficiencia energetica en viviendas',2015,37),(35,'Ponencia','desarrollo de tecnologia educativa',2025,60),(36,'Capitulo','modelo de prediccion climatica',2006,71),(37,'Ponencia','tecnicas de conservacion',2008,49),(38,'Articulo','procesamiento de imagenes satelitales',2002,46),(39,'Articulo','modelo de prediccion climatica',2004,90),(40,'Ponencia','evaluacion de impacto social',2021,65),(41,'Informe','estudio de biodiversidad urbana',2001,66),(42,'Libro','uso sostenible del agua',2004,63),(43,'Ponencia','sistemas inteligentes aplicados',2000,5),(44,'Articulo','estudio de biodiversidad urbana',2001,62),(45,'Informe','tecnicas de conservacion',2010,86),(46,'Informe','analisis de datos ambientales',2025,98),(47,'Libro','procesamiento de imagenes satelitales',2024,96),(48,'Capitulo','eficiencia energetica en viviendas',2021,81),(49,'Libro','sistemas inteligentes aplicados',2018,54),(50,'Ponencia','estudio de biodiversidad urbana',2018,98),(51,'Articulo','evaluacion de impacto social',2010,18),(52,'Ponencia','eficiencia energetica en viviendas',2017,1),(53,'Informe','uso sostenible del agua',2002,3),(54,'Libro','tecnicas de conservacion',2017,14),(55,'Capitulo','evaluacion de impacto social',2011,50),(56,'Articulo','modelo de prediccion climatica',2020,79),(57,'Libro','uso sostenible del agua',2024,33),(58,'Libro','modelo de prediccion climatica',2002,46),(59,'Articulo','procesamiento de imagenes satelitales',2003,70),(60,'Libro','estudio de biodiversidad urbana',2007,5),(61,'Articulo','tecnicas de conservacion',2008,94),(62,'Informe','tecnicas de conservacion',2023,19),(63,'Ponencia','tecnicas de conservacion',2008,93),(64,'Informe','evaluacion de impacto social',2023,66),(65,'Ponencia','estudio de biodiversidad urbana',2018,4),(66,'Articulo','estudio de biodiversidad urbana',2023,8),(67,'Libro','desarrollo de tecnologia educativa',2000,91),(68,'Ponencia','uso sostenible del agua',2015,53),(69,'Ponencia','sistemas inteligentes aplicados',2001,28),(70,'Articulo','procesamiento de imagenes satelitales',2010,87),(71,'Capitulo','tecnicas de conservacion',2006,38),(72,'Libro','modelo de prediccion climatica',2001,52),(73,'Articulo','modelo de prediccion climatica',2017,55),(74,'Informe','procesamiento de imagenes satelitales',2012,18),(75,'Articulo','evaluacion de impacto social',2012,59),(76,'Capitulo','uso sostenible del agua',2001,54),(77,'Articulo','procesamiento de imagenes satelitales',2008,34),(78,'Articulo','sistemas inteligentes aplicados',2015,15),(79,'Ponencia','tecnicas de conservacion',2002,4),(80,'Libro','procesamiento de imagenes satelitales',2015,61),(81,'Ponencia','procesamiento de imagenes satelitales',2022,46),(82,'Libro','evaluacion de impacto social',2019,74),(83,'Informe','evaluacion de impacto social',2012,48),(84,'Ponencia','tecnicas de conservacion',2012,26),(85,'Informe','evaluacion de impacto social',2021,89),(86,'Capitulo','modelo de prediccion climatica',2021,33),(87,'Ponencia','estudio de biodiversidad urbana',2017,32),(88,'Capitulo','sistemas inteligentes aplicados',2000,64),(89,'Informe','sistemas inteligentes aplicados',2009,81),(90,'Informe','modelo de prediccion climatica',2023,55),(91,'Capitulo','eficiencia energetica en viviendas',2004,29),(92,'Ponencia','estudio de biodiversidad urbana',2009,30),(93,'Informe','sistemas inteligentes aplicados',2004,85),(94,'Informe','tecnicas de conservacion',2018,90),(95,'Articulo','uso sostenible del agua',2007,89),(96,'Capitulo','sistemas inteligentes aplicados',2021,28),(97,'Capitulo','tecnicas de conservacion',2010,77),(98,'Articulo','procesamiento de imagenes satelitales',2012,55),(99,'Libro','analisis de datos ambientales',2003,38),(100,'Libro','desarrollo de tecnologia educativa',2013,12);
/*!40000 ALTER TABLE `produccion` ENABLE KEYS */;
UNLOCK TABLES;

--
-- Table structure for table `proyecto`
--

DROP TABLE IF EXISTS `proyecto`;
/*!40101 SET @saved_cs_client     = @@character_set_client */;
/*!50503 SET character_set_client = utf8mb4 */;
CREATE TABLE `proyecto` (
  `IdProyecto` int NOT NULL,
  `Nombre` varchar(250) NOT NULL,
  `Inicio` date NOT NULL,
  `Final` date NOT NULL,
  `IdInvestigador` int NOT NULL,
  PRIMARY KEY (`IdProyecto`),
  KEY `IdInvestigador` (`IdInvestigador`),
  CONSTRAINT `proyecto_ibfk_1` FOREIGN KEY (`IdInvestigador`) REFERENCES `investigador` (`IdInvestigador`)
) ENGINE=InnoDB DEFAULT CHARSET=utf8mb4 COLLATE=utf8mb4_0900_ai_ci;
/*!40101 SET character_set_client = @saved_cs_client */;

--
-- Dumping data for table `proyecto`
--

LOCK TABLES `proyecto` WRITE;
/*!40000 ALTER TABLE `proyecto` DISABLE KEYS */;
INSERT INTO `proyecto` VALUES (1,'eficiencia energetica en viviendas','2015-05-13','2024-06-01',69),(2,'eficiencia energetica en viviendas','2020-06-12','2024-12-10',93),(3,'tecnicas de conservacion','2016-10-26','2024-07-05',29),(4,'evaluacion de impacto social','2017-12-06','2024-06-14',32),(5,'desarrollo de tecnologia educativa','2017-12-22','2025-03-22',24),(6,'evaluacion de impacto social','2019-12-09','2024-06-07',98),(7,'desarrollo de tecnologia educativa','2022-01-02','2024-09-27',6),(8,'analisis de datos ambientales','2018-11-04','2025-01-11',52),(9,'procesamiento de imagenes satelitales','2022-07-04','2024-06-25',31),(10,'uso sostenible del agua','2018-02-08','2024-10-13',60),(11,'desarrollo de tecnologia educativa','2020-05-15','2025-03-31',77),(12,'procesamiento de imagenes satelitales','2019-06-30','2025-03-11',76),(13,'modelo de prediccion climatica','2016-03-25','2024-11-27',100),(14,'estudio de biodiversidad urbana','2020-07-22','2024-07-28',79),(15,'eficiencia energetica en viviendas','2017-08-24','2024-07-06',17),(16,'analisis de datos ambientales','2016-06-26','2024-11-27',11),(17,'sistemas inteligentes aplicados','2017-01-28','2024-08-15',31),(18,'analisis de datos ambientales','2019-09-29','2024-06-03',93),(19,'modelo de prediccion climatica','2020-10-11','2024-05-31',89),(20,'sistemas inteligentes aplicados','2023-03-18','2024-07-29',4),(21,'tecnicas de conservacion','2018-02-22','2024-12-12',3),(22,'uso sostenible del agua','2017-03-29','2024-05-17',42),(23,'sistemas inteligentes aplicados','2021-07-11','2024-08-03',57),(24,'desarrollo de tecnologia educativa','2017-11-30','2024-12-09',73),(25,'modelo de prediccion climatica','2021-02-01','2025-01-07',80),(26,'procesamiento de imagenes satelitales','2020-10-17','2024-07-02',18),(27,'eficiencia energetica en viviendas','2022-02-27','2024-06-16',93),(28,'tecnicas de conservacion','2019-03-25','2024-05-31',92),(29,'eficiencia energetica en viviendas','2017-09-08','2024-05-13',7),(30,'sistemas inteligentes aplicados','2021-10-21','2024-06-01',16),(31,'analisis de datos ambientales','2020-11-30','2025-04-21',9),(32,'sistemas inteligentes aplicados','2018-04-01','2025-03-17',2),(33,'eficiencia energetica en viviendas','2022-02-04','2025-03-09',56),(34,'estudio de biodiversidad urbana','2017-06-23','2024-07-31',50),(35,'sistemas inteligentes aplicados','2022-07-27','2024-08-11',41),(36,'analisis de datos ambientales','2016-04-19','2025-02-15',60),(37,'modelo de prediccion climatica','2018-10-13','2025-03-03',38),(38,'evaluacion de impacto social','2022-03-13','2024-09-13',28),(39,'estudio de biodiversidad urbana','2022-09-07','2024-11-15',69),(40,'estudio de biodiversidad urbana','2021-06-28','2024-10-08',6),(41,'estudio de biodiversidad urbana','2017-03-11','2024-08-17',96),(42,'desarrollo de tecnologia educativa','2017-06-22','2025-01-12',69),(43,'analisis de datos ambientales','2017-02-27','2024-09-02',7),(44,'evaluacion de impacto social','2019-10-10','2025-03-03',14),(45,'sistemas inteligentes aplicados','2015-08-02','2024-11-16',82),(46,'evaluacion de impacto social','2019-02-27','2024-05-26',10),(47,'procesamiento de imagenes satelitales','2017-11-04','2024-07-02',23),(48,'eficiencia energetica en viviendas','2021-07-15','2024-05-28',36),(49,'procesamiento de imagenes satelitales','2017-04-04','2024-08-02',32),(50,'tecnicas de conservacion','2022-06-20','2024-06-28',55),(51,'evaluacion de impacto social','2022-04-02','2024-10-30',40),(52,'evaluacion de impacto social','2019-11-15','2024-10-20',71),(53,'uso sostenible del agua','2015-06-29','2024-07-30',43),(54,'evaluacion de impacto social','2022-02-17','2024-11-07',87),(55,'modelo de prediccion climatica','2020-07-31','2024-10-30',4),(56,'tecnicas de conservacion','2018-07-08','2024-12-21',34),(57,'sistemas inteligentes aplicados','2016-03-23','2024-05-19',91),(58,'uso sostenible del agua','2015-07-06','2024-10-27',64),(59,'tecnicas de conservacion','2020-08-19','2025-02-17',62),(60,'eficiencia energetica en viviendas','2021-06-15','2024-05-20',73),(61,'analisis de datos ambientales','2019-09-19','2024-09-12',25),(62,'modelo de prediccion climatica','2016-02-16','2025-03-28',73),(63,'tecnicas de conservacion','2016-12-26','2024-07-04',46),(64,'analisis de datos ambientales','2021-06-09','2024-10-29',91),(65,'desarrollo de tecnologia educativa','2018-11-22','2024-09-19',28),(66,'desarrollo de tecnologia educativa','2017-01-23','2024-11-21',44),(67,'sistemas inteligentes aplicados','2019-01-30','2025-03-22',97),(68,'tecnicas de conservacion','2022-11-10','2025-01-10',38),(69,'modelo de prediccion climatica','2020-08-05','2024-06-09',90),(70,'procesamiento de imagenes satelitales','2015-05-13','2025-04-03',58),(71,'uso sostenible del agua','2017-11-13','2024-10-18',56),(72,'uso sostenible del agua','2022-08-06','2024-07-01',40),(73,'eficiencia energetica en viviendas','2015-08-11','2025-01-25',46),(74,'eficiencia energetica en viviendas','2015-10-01','2025-02-04',15),(75,'uso sostenible del agua','2021-10-04','2024-10-24',1),(76,'procesamiento de imagenes satelitales','2021-09-09','2025-02-07',93),(77,'procesamiento de imagenes satelitales','2020-07-11','2024-10-10',36),(78,'analisis de datos ambientales','2019-07-19','2025-03-05',38),(79,'desarrollo de tecnologia educativa','2018-06-12','2025-01-28',9),(80,'uso sostenible del agua','2016-07-07','2025-03-10',87),(81,'evaluacion de impacto social','2022-05-23','2024-10-01',38),(82,'desarrollo de tecnologia educativa','2017-01-12','2024-07-02',18),(83,'procesamiento de imagenes satelitales','2021-01-25','2024-08-28',51),(84,'analisis de datos ambientales','2022-03-02','2025-01-23',19),(85,'estudio de biodiversidad urbana','2018-05-16','2024-05-03',70),(86,'analisis de datos ambientales','2019-08-12','2024-07-31',4),(87,'analisis de datos ambientales','2016-04-11','2024-05-11',7),(88,'eficiencia energetica en viviendas','2021-07-22','2024-11-05',38),(89,'eficiencia energetica en viviendas','2018-01-18','2024-10-26',69),(90,'eficiencia energetica en viviendas','2018-05-16','2024-08-15',5),(91,'procesamiento de imagenes satelitales','2019-10-15','2024-07-29',13),(92,'sistemas inteligentes aplicados','2022-05-17','2025-02-19',8),(93,'uso sostenible del agua','2022-02-15','2025-01-16',51),(94,'estudio de biodiversidad urbana','2023-01-24','2024-06-12',14),(95,'estudio de biodiversidad urbana','2021-10-09','2024-07-22',2),(96,'desarrollo de tecnologia educativa','2015-07-10','2024-09-06',42),(97,'analisis de datos ambientales','2022-08-01','2024-12-17',50),(98,'sistemas inteligentes aplicados','2021-10-30','2024-10-20',80),(99,'sistemas inteligentes aplicados','2022-11-22','2025-01-22',14),(100,'evaluacion de impacto social','2021-07-13','2025-02-07',27);
/*!40000 ALTER TABLE `proyecto` ENABLE KEYS */;
UNLOCK TABLES;
/*!40103 SET TIME_ZONE=@OLD_TIME_ZONE */;

/*!40101 SET SQL_MODE=@OLD_SQL_MODE */;
/*!40014 SET FOREIGN_KEY_CHECKS=@OLD_FOREIGN_KEY_CHECKS */;
/*!40014 SET UNIQUE_CHECKS=@OLD_UNIQUE_CHECKS */;
/*!40101 SET CHARACTER_SET_CLIENT=@OLD_CHARACTER_SET_CLIENT */;
/*!40101 SET CHARACTER_SET_RESULTS=@OLD_CHARACTER_SET_RESULTS */;
/*!40101 SET COLLATION_CONNECTION=@OLD_COLLATION_CONNECTION */;
/*!40111 SET SQL_NOTES=@OLD_SQL_NOTES */;

-- Dump completed on 2025-04-30 12:05:40
